trial_id,method,extraction_status,actual_velocity_mps,forward_distance,duration_sec,n_samples,yaw_drift_deg,start_x,end_x,start_y,end_y,start_t_rel,end_t_rel
M24A_S2_marble_floor_V035_R1,A_full_excluding_ends,ok,0.099948,0.799687,8.001,7958,4.8019,-23.3077,-23.2319,-0.9109,-1.7069,1.001,9.002
M24A_S2_marble_floor_V035_R1,B_command_window_idle_cmd_sec,ok,0.078002,0.467843,5.998,5988,0.9808,-23.3528,-23.4633,-0.9533,-1.4079,2.0,7.998
M24A_S2_marble_floor_V035_R1,C_middle_command_excluding_ends,ok,0.052184,0.234782,4.499,4492,3.1729,-23.387,-23.5284,-0.9855,-1.173,2.75,7.249
M24A_S2_marble_floor_V035_R1,D_original_m24b_extractor,ok,0.078002,0.467843,5.998,5988,0.9808,-23.3528,-23.4633,-0.9533,-1.4079,2.0,7.998
M24A_S2_marble_floor_V035_R1,E_raw_displacement_over_full_log,ok,0.139601,1.307273,9.364,9336,4.8503,-23.2888,-22.9784,-0.893,-2.1629,0.637,10.002
M24A_S2_marble_floor_V035_R2,A_full_excluding_ends,ok,0.061995,0.496042,8.001,7970,1.8466,-22.8157,-22.8617,-3.2684,-3.7623,1.0,9.002
M24A_S2_marble_floor_V035_R2,B_command_window_idle_cmd_sec,ok,0.042271,0.253594,5.999,5990,2.2602,-22.851,-23.0096,-3.2954,-3.4932,2.001,8.0
M24A_S2_marble_floor_V035_R2,C_middle_command_excluding_ends,ok,0.037978,0.170948,4.501,4494,2.081,-22.8777,-22.9958,-3.3159,-3.4395,2.75,7.251
M24A_S2_marble_floor_V035_R2,D_original_m24b_extractor,ok,0.042271,0.253594,5.999,5990,2.2602,-22.851,-23.0096,-3.2954,-3.4932,2.001,8.0
M24A_S2_marble_floor_V035_R2,E_raw_displacement_over_full_log,ok,0.087311,0.805938,9.231,9216,4.3006,-22.8016,-22.687,-3.2575,-4.0552,0.771,10.002
M24A_S2_marble_floor_V035_R3,A_full_excluding_ends,ok,0.063982,0.511868,8.0,7912,4.1345,-22.4887,-22.4203,-4.6926,-5.1998,1.0,9.0
M24A_S2_marble_floor_V035_R3,B_command_window_idle_cmd_sec,ok,0.037547,0.225244,5.999,5989,0.5145,-22.4887,-22.5363,-4.6926,-4.9127,2.001,8.0
M24A_S2_marble_floor_V035_R3,C_middle_command_excluding_ends,ok,0.017241,0.077592,4.5,4493,1.9043,-22.4887,-22.5561,-4.6926,-4.7311,2.75,7.251
M24A_S2_marble_floor_V035_R3,D_original_m24b_extractor,ok,0.037547,0.225244,5.999,5989,0.5145,-22.4887,-22.5363,-4.6926,-4.9127,2.001,8.0
M24A_S2_marble_floor_V035_R3,E_raw_displacement_over_full_log,ok,0.093354,0.858962,9.201,9071,6.0191,-22.4887,-22.3122,-4.6926,-5.5332,0.799,10.0
M24A_S2_marble_floor_V035_R4,A_full_excluding_ends,ok,0.040125,0.320947,7.999,7907,3.4846,-22.3146,-22.4753,-6.1597,-6.4376,1.001,9.0
M24A_S2_marble_floor_V035_R4,B_command_window_idle_cmd_sec,ok,0.0247,0.148183,5.999,5990,1.0187,-22.3289,-22.4688,-6.1649,-6.2137,2.0,8.0
M24A_S2_marble_floor_V035_R4,C_middle_command_excluding_ends,ok,0.024381,0.109728,4.501,4494,0.0832,-22.3462,-22.4499,-6.171,-6.2069,2.75,7.251
M24A_S2_marble_floor_V035_R4,D_original_m24b_extractor,ok,0.0247,0.148183,5.999,5990,1.0187,-22.3289,-22.4688,-6.1649,-6.2137,2.0,8.0
M24A_S2_marble_floor_V035_R4,E_raw_displacement_over_full_log,ok,0.069053,0.641979,9.297,9172,5.236,-22.3082,-22.4112,-6.1575,-6.7911,0.703,10.0
M24A_S2_marble_floor_V035_R5,A_full_excluding_ends,ok,0.042715,0.34048,7.971,7720,2.4528,-22.4829,-22.7615,-7.7756,-7.9714,1.029,9.0
M24A_S2_marble_floor_V035_R5,B_command_window_idle_cmd_sec,ok,0.03486,0.209062,5.997,5936,1.4109,-22.5179,-22.7206,-7.7844,-7.8356,2.001,7.999
M24A_S2_marble_floor_V035_R5,C_middle_command_excluding_ends,ok,0.031577,0.140914,4.463,4452,0.5125,-22.5427,-22.6793,-7.7907,-7.8252,2.793,7.255
M24A_S2_marble_floor_V035_R5,D_original_m24b_extractor,ok,0.03486,0.209062,5.997,5936,1.4109,-22.5179,-22.7206,-7.7844,-7.8356,2.001,7.999
M24A_S2_marble_floor_V035_R5,E_raw_displacement_over_full_log,ok,0.074834,0.704671,9.416,8990,5.0984,-22.4703,-22.744,-7.7724,-8.4217,0.584,10.0
M24A_S2_marble_floor_V040_R1,A_full_excluding_ends,ok,0.122694,0.981577,8.0,7989,0.6774,-22.9905,-23.2079,-9.9356,-10.8928,1.0,9.0
M24A_S2_marble_floor_V040_R1,B_command_window_idle_cmd_sec,ok,0.077439,0.464443,5.998,5983,0.7591,-23.0301,-23.2166,-9.9407,-10.366,2.001,7.999
M24A_S2_marble_floor_V040_R1,C_middle_command_excluding_ends,ok,0.039139,0.176177,4.501,4489,1.514,-23.0567,-23.1852,-9.9441,-10.0646,2.75,7.251
M24A_S2_marble_floor_V040_R1,D_original_m24b_extractor,ok,0.077439,0.464443,5.998,5983,0.7591,-23.0301,-23.2166,-9.9407,-10.366,2.001,7.999
M24A_S2_marble_floor_V040_R1,E_raw_displacement_over_full_log,ok,0.164155,1.480706,9.02,8995,1.9594,-22.9905,-23.2349,-9.9356,-11.396,0.98,10.0
M24A_S2_marble_floor_V040_R2,A_full_excluding_ends,ok,0.079089,0.632617,7.999,7980,3.4756,-23.5054,-23.7909,-12.2025,-12.7671,1.001,9.0
M24A_S2_marble_floor_V040_R2,B_command_window_idle_cmd_sec,ok,0.038124,0.228649,5.998,5988,1.9609,-23.5399,-23.7486,-12.2029,-12.2963,2.001,7.998
M24A_S2_marble_floor_V040_R2,C_middle_command_excluding_ends,ok,0.032653,0.146953,4.5,4492,0.6529,-23.5661,-23.7109,-12.2032,-12.2279,2.751,7.251
M24A_S2_marble_floor_V040_R2,D_original_m24b_extractor,ok,0.038124,0.228649,5.998,5988,1.9609,-23.5399,-23.7486,-12.2029,-12.2963,2.001,7.998
M24A_S2_marble_floor_V040_R2,E_raw_displacement_over_full_log,ok,0.130917,1.228301,9.382,9257,3.9355,-23.4868,-23.8974,-12.2023,-13.36,0.618,10.0
M24A_S2_marble_floor_V040_R3,A_full_excluding_ends,ok,0.100974,0.807752,8.0,7648,6.1485,-24.4362,-24.8352,-15.0345,-15.7368,1.0,9.0
M24A_S2_marble_floor_V040_R3,B_command_window_idle_cmd_sec,ok,0.055374,0.332119,5.998,5988,4.4847,-24.4688,-24.6743,-15.0306,-15.2916,2.001,7.998
M24A_S2_marble_floor_V040_R3,C_middle_command_excluding_ends,ok,0.026053,0.117197,4.498,4492,1.6788,-24.4929,-24.6025,-15.0278,-15.0693,2.75,7.249
M24A_S2_marble_floor_V040_R3,D_original_m24b_extractor,ok,0.055374,0.332119,5.998,5988,4.4847,-24.4688,-24.6743,-15.0306,-15.2916,2.001,7.998
M24A_S2_marble_floor_V040_R3,E_raw_displacement_over_full_log,ok,0.128424,1.184567,9.224,8819,7.55,-24.4211,-24.9546,-15.0363,-16.0939,0.776,10.0
M24A_S2_marble_floor_V040_R4,A_full_excluding_ends,ok,0.134149,1.073224,8.0,7992,8.9423,-25.572,-26.3125,-16.7159,-17.4927,1.0,9.0
M24A_S2_marble_floor_V040_R4,B_command_window_idle_cmd_sec,ok,0.104879,0.629181,5.999,5989,5.8696,-25.6102,-26.0973,-16.704,-17.1023,2.001,8.0
M24A_S2_marble_floor_V040_R4,C_middle_command_excluding_ends,ok,0.07705,0.346721,4.5,4493,3.3128,-25.6385,-25.9405,-16.6952,-16.8657,2.75,7.25
M24A_S2_marble_floor_V040_R4,D_original_m24b_extractor,ok,0.104879,0.629181,5.999,5989,5.8696,-25.6102,-26.0973,-16.704,-17.1023,2.001,8.0
M24A_S2_marble_floor_V040_R4,E_raw_displacement_over_full_log,ok,0.153113,1.416125,9.249,9049,10.3633,-25.5521,-26.4871,-16.722,-17.7857,0.751,10.0
M24A_S2_marble_floor_V040_R5,A_full_excluding_ends,ok,0.042035,0.336262,8.0,7953,2.4315,-26.9301,-26.8241,-18.2661,-17.947,1.0,9.0
M24A_S2_marble_floor_V040_R5,B_command_window_idle_cmd_sec,ok,0.012774,0.076629,5.999,5989,1.3123,-26.9301,-26.9173,-18.2661,-18.1906,2.001,8.0
M24A_S2_marble_floor_V040_R5,C_middle_command_excluding_ends,ok,0.004995,0.022482,4.501,4493,0.465,-26.9301,-26.9256,-18.2661,-18.2441,2.75,7.251
M24A_S2_marble_floor_V040_R5,D_original_m24b_extractor,ok,0.012774,0.076629,5.999,5989,1.3123,-26.9301,-26.9173,-18.2661,-18.1906,2.001,8.0
M24A_S2_marble_floor_V040_R5,E_raw_displacement_over_full_log,ok,0.073649,0.719101,9.764,9241,0.1882,-26.9301,-26.7797,-18.2661,-17.5629,0.236,10.0
M24A_S2_marble_floor_V045_R1,A_full_excluding_ends,ok,0.142183,1.137633,8.001,7987,6.7927,-26.4763,-25.9975,-16.475,-15.443,1.0,9.002
M24A_S2_marble_floor_V045_R1,B_command_window_idle_cmd_sec,ok,0.094595,0.567514,5.999,5990,5.1554,-26.4763,-26.2238,-16.475,-15.9668,2.0,8.0
M24A_S2_marble_floor_V045_R1,C_middle_command_excluding_ends,ok,0.054483,0.2452,4.5,4494,4.3769,-26.4763,-26.3358,-16.475,-16.274,2.75,7.25
M24A_S2_marble_floor_V045_R1,D_original_m24b_extractor,ok,0.094595,0.567514,5.999,5990,5.1554,-26.4763,-26.2238,-16.475,-15.9668,2.0,8.0
M24A_S2_marble_floor_V045_R1,E_raw_displacement_over_full_log,ok,0.174318,1.597621,9.165,9168,9.3934,-26.4763,-25.8255,-16.475,-15.0159,0.836,10.001
M24A_S2_marble_floor_V045_R2,A_full_excluding_ends,ok,0.14956,1.196624,8.001,7985,7.0504,-25.3849,-24.4782,-14.4617,-13.6807,1.0,9.001
M24A_S2_marble_floor_V045_R2,B_command_window_idle_cmd_sec,ok,0.116256,0.697359,5.998,5988,4.8619,-25.3465,-24.7962,-14.4788,-14.0505,2.001,8.0
M24A_S2_marble_floor_V045_R2,C_middle_command_excluding_ends,ok,0.081089,0.364789,4.499,4492,3.0554,-25.3175,-24.986,-14.4919,-14.3395,2.751,7.25
M24A_S2_marble_floor_V045_R2,D_original_m24b_extractor,ok,0.116256,0.697359,5.998,5988,4.8619,-25.3465,-24.7962,-14.4788,-14.0505,2.001,8.0
M24A_S2_marble_floor_V045_R2,E_raw_displacement_over_full_log,ok,0.17734,1.619761,9.134,9134,7.8143,-25.3912,-24.2055,-14.4589,-13.3553,0.867,10.001
M24A_S2_marble_floor_V045_R3,A_full_excluding_ends,ok,0.12457,0.996644,8.001,7973,3.085,-23.5563,-22.7193,-12.8655,-12.3244,1.0,9.001
M24A_S2_marble_floor_V045_R3,B_command_window_idle_cmd_sec,ok,0.07314,0.438761,5.999,5989,0.1699,-23.5263,-23.1107,-12.887,-12.7463,2.0,7.999
M24A_S2_marble_floor_V045_R3,C_middle_command_excluding_ends,ok,0.036759,0.165424,4.5,4493,0.892,-23.5038,-23.3477,-12.9031,-12.9579,2.749,7.25
M24A_S2_marble_floor_V045_R3,D_original_m24b_extractor,ok,0.07314,0.438761,5.999,5989,0.1699,-23.5263,-23.1107,-12.887,-12.7463,2.0,7.999
M24A_S2_marble_floor_V045_R3,E_raw_displacement_over_full_log,ok,0.168822,1.581934,9.37,9338,3.1841,-23.5701,-22.3262,-12.8555,-11.8782,0.63,10.001
M24A_S2_marble_floor_V045_R4,A_full_excluding_ends,ok,0.200019,1.60027,8.001,7954,3.1203,-21.0585,-19.8571,-10.7042,-9.6471,1.0,9.001
M24A_S2_marble_floor_V045_R4,B_command_window_idle_cmd_sec,ok,0.169394,1.01622,5.999,5989,2.4077,-21.0585,-20.2692,-10.7042,-10.0642,2.0,7.999
M24A_S2_marble_floor_V045_R4,C_middle_command_excluding_ends,ok,0.123632,0.556309,4.5,4493,4.3274,-21.0585,-20.6139,-10.7042,-10.3698,2.75,7.25
M24A_S2_marble_floor_V045_R4,D_original_m24b_extractor,ok,0.169394,1.01622,5.999,5989,2.4077,-21.0585,-20.2692,-10.7042,-10.0642,2.0,7.999
M24A_S2_marble_floor_V045_R4,E_raw_displacement_over_full_log,ok,0.238962,2.262566,9.468,9227,2.3052,-21.0585,-19.3562,-10.7042,-9.2138,0.533,10.001
M24A_S2_marble_floor_V045_R5,A_full_excluding_ends,ok,0.071173,0.569309,7.999,7977,4.3427,-18.4946,-18.0396,-8.5638,-8.2217,1.001,9.0
M24A_S2_marble_floor_V045_R5,B_command_window_idle_cmd_sec,ok,0.018651,0.111887,5.999,5989,2.2922,-18.4946,-18.4073,-8.5638,-8.4938,2.001,7.999
M24A_S2_marble_floor_V045_R5,C_middle_command_excluding_ends,ok,0.004418,0.01988,4.5,4493,0.4054,-18.4946,-18.4797,-8.5638,-8.5506,2.75,7.25
M24A_S2_marble_floor_V045_R5,D_original_m24b_extractor,ok,0.018651,0.111887,5.999,5989,2.2922,-18.4946,-18.4073,-8.5638,-8.4938,2.001,7.999
M24A_S2_marble_floor_V045_R5,E_raw_displacement_over_full_log,ok,0.129699,1.22841,9.471,9319,4.7659,-18.4946,-17.4656,-8.5638,-7.893,0.529,10.0
M24A_S2_marble_floor_V050_R1,A_full_excluding_ends,ok,0.075371,0.602923,7.999,7977,5.1271,-15.5532,-15.8434,-7.5579,-8.0864,1.001,9.0
M24A_S2_marble_floor_V050_R1,B_command_window_idle_cmd_sec,ok,0.02806,0.168344,5.999,5990,5.477,-15.5532,-15.6454,-7.5579,-7.6987,2.0,8.0
M24A_S2_marble_floor_V050_R1,C_middle_command_excluding_ends,ok,0.009867,0.044406,4.501,4494,0.7232,-15.5532,-15.5676,-7.5579,-7.5999,2.75,7.25
M24A_S2_marble_floor_V050_R1,D_original_m24b_extractor,ok,0.02806,0.168344,5.999,5990,5.477,-15.5532,-15.6454,-7.5579,-7.6987,2.0,8.0
M24A_S2_marble_floor_V050_R1,E_raw_displacement_over_full_log,ok,0.133211,1.24212,9.324,9205,5.6415,-15.5532,-16.1606,-7.5579,-8.6414,0.676,10.0
M24A_S2_marble_floor_V050_R2,A_full_excluding_ends,ok,0.141194,1.128776,7.995,7864,0.2006,-17.1697,-18.0195,-9.9513,-10.6942,1.005,9.0
M24A_S2_marble_floor_V050_R2,B_command_window_idle_cmd_sec,ok,0.084546,0.507069,5.998,5980,1.5575,-17.2233,-17.679,-9.9192,-10.1416,2.001,7.999
M24A_S2_marble_floor_V050_R2,C_middle_command_excluding_ends,ok,0.043138,0.19386,4.494,4486,0.8925,-17.2494,-17.4382,-9.9036,-9.8599,2.757,7.251
M24A_S2_marble_floor_V050_R2,D_original_m24b_extractor,ok,0.084546,0.507069,5.998,5980,1.5575,-17.2233,-17.679,-9.9192,-10.1416,2.001,7.999
M24A_S2_marble_floor_V050_R2,E_raw_displacement_over_full_log,ok,0.185567,1.746195,9.41,8868,2.5809,-17.169,-18.3632,-9.9517,-11.2257,0.59,10.0
M24A_S2_marble_floor_V050_R3,A_full_excluding_ends,ok,0.17767,1.421311,8.0,7950,3.4378,-19.5885,-20.1142,-12.7458,-11.4253,1.0,9.0
M24A_S2_marble_floor_V050_R3,B_command_window_idle_cmd_sec,ok,0.121234,0.727249,5.999,5988,1.6859,-19.5885,-19.8609,-12.7458,-12.0715,2.0,7.999
M24A_S2_marble_floor_V050_R3,C_middle_command_excluding_ends,ok,0.07534,0.338965,4.499,4492,1.4828,-19.5885,-19.7049,-12.7458,-12.4275,2.75,7.249
M24A_S2_marble_floor_V050_R3,D_original_m24b_extractor,ok,0.121234,0.727249,5.999,5988,1.6859,-19.5885,-19.8609,-12.7458,-12.0715,2.0,7.999
M24A_S2_marble_floor_V050_R3,E_raw_displacement_over_full_log,ok,0.225228,2.117547,9.402,9356,5.7905,-19.5885,-20.3851,-12.7458,-10.7838,0.598,10.0
M24A_S2_marble_floor_V050_R4,A_full_excluding_ends,ok,0.176787,1.414367,8.0,7666,0.5253,-20.4658,-20.7338,-9.4647,-8.076,1.001,9.002
M24A_S2_marble_floor_V050_R4,B_command_window_idle_cmd_sec,ok,0.147038,0.882163,6.0,5990,2.4653,-20.4136,-20.5312,-9.4407,-8.5664,2.0,8.0
M24A_S2_marble_floor_V050_R4,C_middle_command_excluding_ends,ok,0.110408,0.496972,4.501,4494,3.0329,-20.375,-20.388,-9.4229,-8.9261,2.749,7.25
M24A_S2_marble_floor_V050_R4,D_original_m24b_extractor,ok,0.147038,0.882163,6.0,5990,2.4653,-20.4136,-20.5312,-9.4407,-8.5664,2.0,8.0
M24A_S2_marble_floor_V050_R4,E_raw_displacement_over_full_log,ok,0.206274,1.911878,9.269,8897,2.8914,-20.4878,-20.9092,-9.4748,-7.61,0.733,10.002
M24A_S2_marble_floor_V050_R5,A_full_excluding_ends,ok,0.140552,1.124508,8.001,7962,4.3215,-21.0063,-20.9821,-6.8293,-5.705,1.0,9.0
M24A_S2_marble_floor_V050_R5,B_command_window_idle_cmd_sec,ok,0.080144,0.480757,5.999,5989,0.4876,-20.9739,-20.87,-6.8214,-6.352,2.001,8.0
M24A_S2_marble_floor_V050_R5,C_middle_command_excluding_ends,ok,0.033213,0.149472,4.5,4493,2.8438,-20.95,-20.8201,-6.8157,-6.7417,2.751,7.251
M24A_S2_marble_floor_V050_R5,D_original_m24b_extractor,ok,0.080144,0.480757,5.999,5989,0.4876,-20.9739,-20.87,-6.8214,-6.352,2.001,8.0
M24A_S2_marble_floor_V050_R5,E_raw_displacement_over_full_log,ok,0.190808,1.782249,9.341,9195,3.0079,-21.0214,-21.084,-6.8329,-5.0517,0.66,10.0
M24A_S2_marble_floor_V055_R1,A_full_excluding_ends,ok,0.157567,1.20631,7.656,7587,0.9863,-20.8769,-20.7223,-3.1306,-1.9342,1.346,9.002
M24A_S2_marble_floor_V055_R1,B_command_window_idle_cmd_sec,ok,0.083823,0.502808,5.998,5947,1.7589,-20.8493,-20.7107,-3.128,-2.6446,2.001,8.0
M24A_S2_marble_floor_V055_R1,C_middle_command_excluding_ends,ok,0.034854,0.155756,4.469,4461,1.2894,-20.8196,-20.6733,-3.1251,-3.0717,2.786,7.255
M24A_S2_marble_floor_V055_R1,D_original_m24b_extractor,ok,0.083823,0.502808,5.998,5947,1.7589,-20.8493,-20.7107,-3.128,-2.6446,2.001,8.0
M24A_S2_marble_floor_V055_R1,E_raw_displacement_over_full_log,ok,0.218509,1.891319,8.656,8585,3.2423,-20.8769,-20.7528,-3.1306,-1.2433,1.346,10.001
M24A_S2_marble_floor_V055_R2,A_full_excluding_ends,ok,0.176229,1.404823,7.972,7629,7.2574,-20.0648,-20.5576,0.409,-0.9065,1.028,9.0
M24A_S2_marble_floor_V055_R2,B_command_window_idle_cmd_sec,ok,0.138975,0.833707,5.999,5989,2.882,-20.0648,-20.3384,0.409,-0.3785,2.001,8.0
M24A_S2_marble_floor_V055_R2,C_middle_command_excluding_ends,ok,0.090996,0.40951,4.5,4493,0.7383,-20.0648,-20.1957,0.409,0.021,2.75,7.25
M24A_S2_marble_floor_V055_R2,D_original_m24b_extractor,ok,0.138975,0.833707,5.999,5989,2.882,-20.0648,-20.3384,0.409,-0.3785,2.001,8.0
M24A_S2_marble_floor_V055_R2,E_raw_displacement_over_full_log,ok,0.212977,1.910798,8.972,8626,8.9321,-20.0648,-20.7883,0.409,-1.3595,1.028,10.0
M24A_S2_marble_floor_V055_R3,A_full_excluding_ends,ok,0.19362,1.549132,8.001,7985,0.3631,-21.6387,-22.7559,-1.8196,-2.8928,1.0,9.001
M24A_S2_marble_floor_V055_R3,B_command_window_idle_cmd_sec,ok,0.143331,0.859672,5.998,5988,1.1775,-21.6717,-22.3049,-1.7975,-2.3789,2.001,7.999
M24A_S2_marble_floor_V055_R3,C_middle_command_excluding_ends,ok,0.092089,0.414322,4.499,4492,2.0893,-21.6967,-22.0425,-1.7807,-2.0089,2.751,7.25
M24A_S2_marble_floor_V055_R3,D_original_m24b_extractor,ok,0.143331,0.859672,5.998,5988,1.1775,-21.6717,-22.3049,-1.7975,-2.3789,2.001,7.999
M24A_S2_marble_floor_V055_R3,E_raw_displacement_over_full_log,ok,0.243195,2.259029,9.289,9289,2.2864,-21.6268,-23.1813,-1.8276,-3.4667,0.711,10.0
M24A_S2_marble_floor_V055_R4,A_full_excluding_ends,ok,0.164134,1.312901,7.999,7947,7.5382,-24.3398,-25.4179,-4.5003,-5.2496,1.001,9.0
M24A_S2_marble_floor_V055_R4,B_command_window_idle_cmd_sec,ok,0.118474,0.710683,5.999,5989,4.9879,-24.3624,-24.9454,-4.4802,-4.8866,2.001,8.0
M24A_S2_marble_floor_V055_R4,C_middle_command_excluding_ends,ok,0.068985,0.31053,4.501,4493,5.2618,-24.3784,-24.6548,-4.4658,-4.6074,2.75,7.251
M24A_S2_marble_floor_V055_R4,D_original_m24b_extractor,ok,0.118474,0.710683,5.999,5989,4.9879,-24.3624,-24.9454,-4.4802,-4.8866,2.001,8.0
M24A_S2_marble_floor_V055_R4,E_raw_displacement_over_full_log,ok,0.202138,1.882447,9.313,9213,10.7166,-24.3315,-25.8737,-4.5077,-5.5872,0.687,10.0
M24A_S2_marble_floor_V055_R5,A_full_excluding_ends,ok,0.206247,1.650379,8.002,7983,4.289,-26.999,-28.5483,-5.4957,-6.0645,1.0,9.002
M24A_S2_marble_floor_V055_R5,B_command_window_idle_cmd_sec,ok,0.157607,0.945204,5.997,5988,0.7399,-27.0176,-27.9198,-5.4667,-5.7488,2.001,7.998
M24A_S2_marble_floor_V055_R5,C_middle_command_excluding_ends,ok,0.103933,0.46758,4.499,4492,0.4452,-27.0319,-27.4939,-5.4443,-5.5168,2.75,7.249
M24A_S2_marble_floor_V055_R5,D_original_m24b_extractor,ok,0.157607,0.945204,5.997,5988,0.7399,-27.0176,-27.9198,-5.4667,-5.7488,2.001,7.998
M24A_S2_marble_floor_V055_R5,E_raw_displacement_over_full_log,ok,0.249344,2.322216,9.313,9300,4.0569,-26.9903,-29.1526,-5.5093,-6.3563,0.688,10.001
M24A_S2_marble_floor_V060_R1,A_full_excluding_ends,ok,0.193209,1.54564,8.0,7981,4.0508,-30.658,-32.1701,-6.5158,-6.8357,1.0,9.0
M24A_S2_marble_floor_V060_R1,B_command_window_idle_cmd_sec,ok,0.147335,0.883567,5.997,5988,4.852,-30.6708,-31.534,-6.483,-6.6716,2.002,7.999
M24A_S2_marble_floor_V060_R1,C_middle_command_excluding_ends,ok,0.101906,0.45843,4.499,4492,2.3339,-30.6803,-31.1314,-6.4586,-6.5403,2.751,7.25
M24A_S2_marble_floor_V060_R1,D_original_m24b_extractor,ok,0.147335,0.883567,5.997,5988,4.852,-30.6708,-31.534,-6.483,-6.6716,2.002,7.999
M24A_S2_marble_floor_V060_R1,E_raw_displacement_over_full_log,ok,0.232388,2.179059,9.377,9373,7.0811,-30.6521,-32.7874,-6.5308,-6.9651,0.624,10.0
M24A_S2_marble_floor_V060_R2,A_full_excluding_ends,ok,0.193819,1.550665,8.001,7952,2.4291,-33.9475,-32.3981,-6.6992,-6.7619,1.0,9.0
M24A_S2_marble_floor_V060_R2,B_command_window_idle_cmd_sec,ok,0.144022,0.863789,5.998,5987,1.9029,-33.9475,-33.085,-6.6992,-6.7459,2.001,7.999
M24A_S2_marble_floor_V060_R2,C_middle_command_excluding_ends,ok,0.102076,0.45922,4.499,4491,1.9153,-33.9475,-33.4888,-6.6992,-6.7218,2.751,7.25
M24A_S2_marble_floor_V060_R2,D_original_m24b_extractor,ok,0.144022,0.863789,5.998,5987,1.9029,-33.9475,-33.085,-6.6992,-6.7459,2.001,7.999
M24A_S2_marble_floor_V060_R2,E_raw_displacement_over_full_log,ok,0.241201,2.257124,9.358,9326,3.2844,-33.9475,-31.6956,-6.6992,-6.8521,0.642,10.0
M24A_S2_marble_floor_V060_R3,A_full_excluding_ends,ok,0.221617,1.772723,7.999,7991,3.7773,-30.394,-28.7464,-7.4314,-8.0857,1.001,9.0
M24A_S2_marble_floor_V060_R3,B_command_window_idle_cmd_sec,ok,0.167007,1.001713,5.998,5983,3.1291,-30.4006,-29.4969,-7.4835,-7.9155,2.001,7.999
M24A_S2_marble_floor_V060_R3,C_middle_command_excluding_ends,ok,0.127357,0.572702,4.497,4489,0.7181,-30.4054,-29.9161,-7.5207,-7.8184,2.754,7.251
M24A_S2_marble_floor_V060_R3,D_original_m24b_extractor,ok,0.167007,1.001713,5.998,5983,3.1291,-30.4006,-29.4969,-7.4835,-7.9155,2.001,7.999
M24A_S2_marble_floor_V060_R3,E_raw_displacement_over_full_log,ok,0.277554,2.586978,9.321,9228,4.6793,-30.3916,-27.9718,-7.4132,-8.3281,0.679,10.0
M24A_S2_marble_floor_V060_R4,A_full_excluding_ends,ok,0.203876,1.631073,8.0,7987,2.1017,-26.7326,-25.3005,-9.2244,-10.0051,1.0,9.0
M24A_S2_marble_floor_V060_R4,B_command_window_idle_cmd_sec,ok,0.152829,0.916541,5.997,5988,0.2376,-26.7429,-25.9531,-9.2546,-9.7195,2.001,7.999
M24A_S2_marble_floor_V060_R4,C_middle_command_excluding_ends,ok,0.112382,0.505561,4.499,4492,1.0761,-26.7507,-26.3189,-9.2771,-9.5401,2.75,7.249
M24A_S2_marble_floor_V060_R4,D_original_m24b_extractor,ok,0.152829,0.916541,5.997,5988,0.2376,-26.7429,-25.9531,-9.2546,-9.7195,2.001,7.999
M24A_S2_marble_floor_V060_R4,E_raw_displacement_over_full_log,ok,0.25069,2.352514,9.384,9288,2.4383,-26.7278,-24.6497,-9.2106,-10.3133,0.616,10.0
M24A_S2_marble_floor_V060_R5,A_full_excluding_ends,ok,0.191736,1.53372,7.999,7982,3.2804,-23.5808,-22.0554,-11.484,-11.3242,1.001,9.0
M24A_S2_marble_floor_V060_R5,B_command_window_idle_cmd_sec,ok,0.144301,0.865647,5.999,5989,2.8766,-23.5808,-22.7203,-11.484,-11.3901,2.001,8.0
M24A_S2_marble_floor_V060_R5,C_middle_command_excluding_ends,ok,0.092781,0.417504,4.5,4493,3.0488,-23.5808,-23.1644,-11.484,-11.4536,2.75,7.25
M24A_S2_marble_floor_V060_R5,D_original_m24b_extractor,ok,0.144301,0.865647,5.999,5989,2.8766,-23.5808,-22.7203,-11.484,-11.3901,2.001,8.0
M24A_S2_marble_floor_V060_R5,E_raw_displacement_over_full_log,ok,0.233295,2.16795,9.293,9291,6.8325,-23.5808,-21.4216,-11.484,-11.2899,0.707,10.0
