schema_version,dataset_id,session_id,trial_id,platform,robot_model,robot_id,surface_type,environment_id,command_velocity_mps,measured_actual_velocity_mps,tracking_error_mps,relative_tracking_error,yaw_drift_deg,imu_yaw_drift_deg,state_source,command_source,measurement_source,measurement_method,analysis_window_start_sec,analysis_window_end_sec,state_log_path,raw_log_path,extraction_status,confidence,invalid_reason,created_at
measurement_v1.0,m19c_booster_k1_gold_v1,m19c_full_72_measurement_run_20260611,M19C_S1_lab_hard_floor_B1_U010_R1,booster_k1,Booster K1,Booster_K1,lab_hard_floor,m19c_lab,0.1,-0.0,-0.1,-1.0,0.00987647458513621,0.010074546094915227,/odometer_state,booster_sdk_kPrepare_kWalking_Move,ros2_odometer_state,odometer_forward_projection_window_3_8s,3.0,8.0,data/m19c_ros2_odometer_logs/M19C_S1_lab_hard_floor_B1_U010_R1.csv,unavailable,ok,high,extracted_from_ros2_odometer_state,2026-06-11T07:56:30.264822+00:00
measurement_v1.0,m19c_booster_k1_gold_v1,m19c_full_72_measurement_run_20260611,M19C_S1_lab_hard_floor_B1_U020_R1,booster_k1,Booster K1,Booster_K1,lab_hard_floor,m19c_lab,0.2,1.1617707001870599e-05,-0.199988,-0.999942,0.5430683631280357,0.5424263066227907,/odometer_state,booster_sdk_kPrepare_kWalking_Move,ros2_odometer_state,odometer_forward_projection_window_3_8s,3.0,8.0,data/m19c_ros2_odometer_logs/M19C_S1_lab_hard_floor_B1_U020_R1.csv,unavailable,ok,high,extracted_from_ros2_odometer_state,2026-06-11T07:56:30.264822+00:00
measurement_v1.0,m19c_booster_k1_gold_v1,m19c_full_72_measurement_run_20260611,M19C_S1_lab_hard_floor_B1_U030_R1,booster_k1,Booster K1,Booster_K1,lab_hard_floor,m19c_lab,0.3,-2.139536206573071e-07,-0.3,-1.000001,1.4774381951448472,1.4093411871652908,/odometer_state,booster_sdk_kPrepare_kWalking_Move,ros2_odometer_state,odometer_forward_projection_window_3_8s,3.0,8.0,data/m19c_ros2_odometer_logs/M19C_S1_lab_hard_floor_B1_U030_R1.csv,unavailable,ok,high,extracted_from_ros2_odometer_state,2026-06-11T07:56:30.264822+00:00
measurement_v1.0,m19c_booster_k1_gold_v1,m19c_full_72_measurement_run_20260611,M19C_S1_lab_hard_floor_B1_U035_R1,booster_k1,Booster K1,Booster_K1,lab_hard_floor,m19c_lab,0.35,0.1923803829321834,-0.15762,-0.450342,5.410548060894287,5.188949357063445,/odometer_state,booster_sdk_kPrepare_kWalking_Move,ros2_odometer_state,odometer_forward_projection_window_3_8s,3.0,8.0,data/m19c_ros2_odometer_logs/M19C_S1_lab_hard_floor_B1_U035_R1.csv,unavailable,ok,high,extracted_from_ros2_odometer_state,2026-06-11T07:56:30.264822+00:00
measurement_v1.0,m19c_booster_k1_gold_v1,m19c_full_72_measurement_run_20260611,M19C_S1_lab_hard_floor_B1_U040_R1,booster_k1,Booster K1,Booster_K1,lab_hard_floor,m19c_lab,0.4,0.29876080294236923,-0.101239,-0.253098,8.806231192445486,8.868344916762037,/odometer_state,booster_sdk_kPrepare_kWalking_Move,ros2_odometer_state,odometer_forward_projection_window_3_8s,3.0,8.0,data/m19c_ros2_odometer_logs/M19C_S1_lab_hard_floor_B1_U040_R1.csv,unavailable,ok,high,extracted_from_ros2_odometer_state,2026-06-11T07:56:30.264822+00:00
measurement_v1.0,m19c_booster_k1_gold_v1,m19c_full_72_measurement_run_20260611,M19C_S1_lab_hard_floor_B1_U045_R1,booster_k1,Booster K1,Booster_K1,lab_hard_floor,m19c_lab,0.45,0.5105956705733302,0.060596,0.134657,4.389352777561108,4.370255521291613,/odometer_state,booster_sdk_kPrepare_kWalking_Move,ros2_odometer_state,odometer_forward_projection_window_3_8s,3.0,8.0,data/m19c_ros2_odometer_logs/M19C_S1_lab_hard_floor_B1_U045_R1.csv,unavailable,ok,high,extracted_from_ros2_odometer_state,2026-06-11T07:56:30.264822+00:00
measurement_v1.0,m19c_booster_k1_gold_v1,m19c_full_72_measurement_run_20260611,M19C_S1_lab_hard_floor_B1_U050_R1,booster_k1,Booster K1,Booster_K1,lab_hard_floor,m19c_lab,0.5,0.6167544000863683,0.116754,0.233509,3.1599597002674544,2.8686794163788227,/odometer_state,booster_sdk_kPrepare_kWalking_Move,ros2_odometer_state,odometer_forward_projection_window_3_8s,3.0,8.0,data/m19c_ros2_odometer_logs/M19C_S1_lab_hard_floor_B1_U050_R1.csv,unavailable,ok,high,extracted_from_ros2_odometer_state,2026-06-11T07:56:30.264822+00:00
measurement_v1.0,m19c_booster_k1_gold_v1,m19c_full_72_measurement_run_20260611,M19C_S1_lab_hard_floor_B1_U060_R1,booster_k1,Booster K1,Booster_K1,lab_hard_floor,m19c_lab,0.6,0.6050434745105608,0.005043,0.008406,3.6359965277317516,3.5657002212555935,/odometer_state,booster_sdk_kPrepare_kWalking_Move,ros2_odometer_state,odometer_forward_projection_window_3_8s,3.0,8.0,data/m19c_ros2_odometer_logs/M19C_S1_lab_hard_floor_B1_U060_R1.csv,unavailable,ok,high,extracted_from_ros2_odometer_state,2026-06-11T07:56:30.264822+00:00
measurement_v1.0,m19c_booster_k1_gold_v1,m19c_full_72_measurement_run_20260611,M19C_S1_lab_hard_floor_B2_U010_R2,booster_k1,Booster K1,Booster_K1,lab_hard_floor,m19c_lab,0.1,0.0,-0.1,-1.0,0.002086654994071601,0.002086654994071601,/odometer_state,booster_sdk_kPrepare_kWalking_Move,ros2_odometer_state,odometer_forward_projection_window_3_8s,3.0,8.0,data/m19c_ros2_odometer_logs/M19C_S1_lab_hard_floor_B2_U010_R2.csv,unavailable,ok,high,extracted_from_ros2_odometer_state,2026-06-11T07:56:30.264822+00:00
measurement_v1.0,m19c_booster_k1_gold_v1,m19c_full_72_measurement_run_20260611,M19C_S1_lab_hard_floor_B2_U020_R2,booster_k1,Booster K1,Booster_K1,lab_hard_floor,m19c_lab,0.2,0.0,-0.2,-1.0,0.30963641925012503,0.30935973793083815,/odometer_state,booster_sdk_kPrepare_kWalking_Move,ros2_odometer_state,odometer_forward_projection_window_3_8s,3.0,8.0,data/m19c_ros2_odometer_logs/M19C_S1_lab_hard_floor_B2_U020_R2.csv,unavailable,ok,high,extracted_from_ros2_odometer_state,2026-06-11T07:56:30.264822+00:00
measurement_v1.0,m19c_booster_k1_gold_v1,m19c_full_72_measurement_run_20260611,M19C_S1_lab_hard_floor_B2_U030_R2,booster_k1,Booster K1,Booster_K1,lab_hard_floor,m19c_lab,0.3,-3.839880112522298e-06,-0.300004,-1.000013,0.5757849407793334,0.5617966918732537,/odometer_state,booster_sdk_kPrepare_kWalking_Move,ros2_odometer_state,odometer_forward_projection_window_3_8s,3.0,8.0,data/m19c_ros2_odometer_logs/M19C_S1_lab_hard_floor_B2_U030_R2.csv,unavailable,ok,high,extracted_from_ros2_odometer_state,2026-06-11T07:56:30.264822+00:00
measurement_v1.0,m19c_booster_k1_gold_v1,m19c_full_72_measurement_run_20260611,M19C_S1_lab_hard_floor_B2_U035_R2,booster_k1,Booster K1,Booster_K1,lab_hard_floor,m19c_lab,0.35,0.4095129455793556,0.059513,0.170037,3.38930376216442,3.2665516225580085,/odometer_state,booster_sdk_kPrepare_kWalking_Move,ros2_odometer_state,odometer_forward_projection_window_3_8s,3.0,8.0,data/m19c_ros2_odometer_logs/M19C_S1_lab_hard_floor_B2_U035_R2.csv,unavailable,ok,high,extracted_from_ros2_odometer_state,2026-06-11T07:56:30.264822+00:00
measurement_v1.0,m19c_booster_k1_gold_v1,m19c_full_72_measurement_run_20260611,M19C_S1_lab_hard_floor_B2_U040_R2,booster_k1,Booster K1,Booster_K1,lab_hard_floor,m19c_lab,0.4,0.3265166421324152,-0.073483,-0.183708,6.491220545953934,6.5937417177016355,/odometer_state,booster_sdk_kPrepare_kWalking_Move,ros2_odometer_state,odometer_forward_projection_window_3_8s,3.0,8.0,data/m19c_ros2_odometer_logs/M19C_S1_lab_hard_floor_B2_U040_R2.csv,unavailable,ok,high,extracted_from_ros2_odometer_state,2026-06-11T07:56:30.264822+00:00
measurement_v1.0,m19c_booster_k1_gold_v1,m19c_full_72_measurement_run_20260611,M19C_S1_lab_hard_floor_B2_U045_R2,booster_k1,Booster K1,Booster_K1,lab_hard_floor,m19c_lab,0.45,0.45654305443961707,0.006543,0.01454,9.435899490701642,9.544622472215424,/odometer_state,booster_sdk_kPrepare_kWalking_Move,ros2_odometer_state,odometer_forward_projection_window_3_8s,3.0,8.0,data/m19c_ros2_odometer_logs/M19C_S1_lab_hard_floor_B2_U045_R2.csv,unavailable,ok,high,extracted_from_ros2_odometer_state,2026-06-11T07:56:30.264822+00:00
measurement_v1.0,m19c_booster_k1_gold_v1,m19c_full_72_measurement_run_20260611,M19C_S1_lab_hard_floor_B2_U050_R2,booster_k1,Booster K1,Booster_K1,lab_hard_floor,m19c_lab,0.5,0.6218559719399067,0.121856,0.243712,0.5874099679636486,0.4395978003137967,/odometer_state,booster_sdk_kPrepare_kWalking_Move,ros2_odometer_state,odometer_forward_projection_window_3_8s,3.0,8.0,data/m19c_ros2_odometer_logs/M19C_S1_lab_hard_floor_B2_U050_R2.csv,unavailable,ok,high,extracted_from_ros2_odometer_state,2026-06-11T07:56:30.264822+00:00
measurement_v1.0,m19c_booster_k1_gold_v1,m19c_full_72_measurement_run_20260611,M19C_S1_lab_hard_floor_B2_U060_R2,booster_k1,Booster K1,Booster_K1,lab_hard_floor,m19c_lab,0.6,0.6027875466955546,0.002788,0.004646,5.792205332288132,5.792314595339646,/odometer_state,booster_sdk_kPrepare_kWalking_Move,ros2_odometer_state,odometer_forward_projection_window_3_8s,3.0,8.0,data/m19c_ros2_odometer_logs/M19C_S1_lab_hard_floor_B2_U060_R2.csv,unavailable,ok,high,extracted_from_ros2_odometer_state,2026-06-11T07:56:30.264822+00:00
measurement_v1.0,m19c_booster_k1_gold_v1,m19c_full_72_measurement_run_20260611,M19C_S1_lab_hard_floor_B3_U010_R3,booster_k1,Booster K1,Booster_K1,lab_hard_floor,m19c_lab,0.1,1.3857992504271784e-06,-0.099999,-0.999986,0.7797070944894848,0.7825415739977556,/odometer_state,booster_sdk_kPrepare_kWalking_Move,ros2_odometer_state,odometer_forward_projection_window_3_8s,3.0,8.0,data/m19c_ros2_odometer_logs/M19C_S1_lab_hard_floor_B3_U010_R3.csv,unavailable,ok,high,extracted_from_ros2_odometer_state,2026-06-11T07:56:30.264822+00:00
measurement_v1.0,m19c_booster_k1_gold_v1,m19c_full_72_measurement_run_20260611,M19C_S1_lab_hard_floor_B3_U020_R3,booster_k1,Booster K1,Booster_K1,lab_hard_floor,m19c_lab,0.2,-3.395025811141725e-05,-0.200034,-1.00017,0.5912143504275407,0.5770826901853054,/odometer_state,booster_sdk_kPrepare_kWalking_Move,ros2_odometer_state,odometer_forward_projection_window_3_8s,3.0,8.0,data/m19c_ros2_odometer_logs/M19C_S1_lab_hard_floor_B3_U020_R3.csv,unavailable,ok,high,extracted_from_ros2_odometer_state,2026-06-11T07:56:30.264822+00:00
measurement_v1.0,m19c_booster_k1_gold_v1,m19c_full_72_measurement_run_20260611,M19C_S1_lab_hard_floor_B3_U030_R3,booster_k1,Booster K1,Booster_K1,lab_hard_floor,m19c_lab,0.3,0.0,-0.3,-1.0,0.37703327280401205,0.38235398807271326,/odometer_state,booster_sdk_kPrepare_kWalking_Move,ros2_odometer_state,odometer_forward_projection_window_3_8s,3.0,8.0,data/m19c_ros2_odometer_logs/M19C_S1_lab_hard_floor_B3_U030_R3.csv,unavailable,ok,high,extracted_from_ros2_odometer_state,2026-06-11T07:56:30.264822+00:00
measurement_v1.0,m19c_booster_k1_gold_v1,m19c_full_72_measurement_run_20260611,M19C_S1_lab_hard_floor_B3_U035_R3,booster_k1,Booster K1,Booster_K1,lab_hard_floor,m19c_lab,0.35,0.3052660644732747,-0.044734,-0.127811,4.4254161735811595,4.388130142922084,/odometer_state,booster_sdk_kPrepare_kWalking_Move,ros2_odometer_state,odometer_forward_projection_window_3_8s,3.0,8.0,data/m19c_ros2_odometer_logs/M19C_S1_lab_hard_floor_B3_U035_R3.csv,unavailable,ok,high,extracted_from_ros2_odometer_state,2026-06-11T07:56:30.264822+00:00
measurement_v1.0,m19c_booster_k1_gold_v1,m19c_full_72_measurement_run_20260611,M19C_S1_lab_hard_floor_B3_U040_R3,booster_k1,Booster K1,Booster_K1,lab_hard_floor,m19c_lab,0.4,0.2965106686521021,-0.103489,-0.258723,10.809129497166833,10.86167419605111,/odometer_state,booster_sdk_kPrepare_kWalking_Move,ros2_odometer_state,odometer_forward_projection_window_3_8s,3.0,8.0,data/m19c_ros2_odometer_logs/M19C_S1_lab_hard_floor_B3_U040_R3.csv,unavailable,ok,high,extracted_from_ros2_odometer_state,2026-06-11T07:56:30.264822+00:00
measurement_v1.0,m19c_booster_k1_gold_v1,m19c_full_72_measurement_run_20260611,M19C_S1_lab_hard_floor_B3_U045_R3,booster_k1,Booster K1,Booster_K1,lab_hard_floor,m19c_lab,0.45,0.48767450858518474,0.037675,0.083721,3.471402655445589,3.611134685789633,/odometer_state,booster_sdk_kPrepare_kWalking_Move,ros2_odometer_state,odometer_forward_projection_window_3_8s,3.0,8.0,data/m19c_ros2_odometer_logs/M19C_S1_lab_hard_floor_B3_U045_R3.csv,unavailable,ok,high,extracted_from_ros2_odometer_state,2026-06-11T07:56:30.264822+00:00
measurement_v1.0,m19c_booster_k1_gold_v1,m19c_full_72_measurement_run_20260611,M19C_S1_lab_hard_floor_B3_U050_R3,booster_k1,Booster K1,Booster_K1,lab_hard_floor,m19c_lab,0.5,0.5808930650541099,0.080893,0.161786,2.081288442194631,2.018245781404815,/odometer_state,booster_sdk_kPrepare_kWalking_Move,ros2_odometer_state,odometer_forward_projection_window_3_8s,3.0,8.0,data/m19c_ros2_odometer_logs/M19C_S1_lab_hard_floor_B3_U050_R3.csv,unavailable,ok,high,extracted_from_ros2_odometer_state,2026-06-11T07:56:30.264822+00:00
measurement_v1.0,m19c_booster_k1_gold_v1,m19c_full_72_measurement_run_20260611,M19C_S1_lab_hard_floor_B3_U060_R3,booster_k1,Booster K1,Booster_K1,lab_hard_floor,m19c_lab,0.6,0.5723537776699198,-0.027646,-0.046077,3.8684279154119845,3.8388668455215673,/odometer_state,booster_sdk_kPrepare_kWalking_Move,ros2_odometer_state,odometer_forward_projection_window_3_8s,3.0,8.0,data/m19c_ros2_odometer_logs/M19C_S1_lab_hard_floor_B3_U060_R3.csv,unavailable,ok,high,extracted_from_ros2_odometer_state,2026-06-11T07:56:30.264822+00:00
measurement_v1.0,m19c_booster_k1_gold_v1,m19c_full_72_measurement_run_20260611,M19C_S2_marble_floor_B1_U010_R1,booster_k1,Booster K1,Booster_K1,marble_floor,m19c_lab,0.1,0.0,-0.1,-1.0,0.006734545923953344,0.006734545923953344,/odometer_state,booster_sdk_kPrepare_kWalking_Move,ros2_odometer_state,odometer_forward_projection_window_3_8s,3.0,8.0,data/m19c_ros2_odometer_logs/M19C_S2_marble_floor_B1_U010_R1.csv,unavailable,ok,high,extracted_from_ros2_odometer_state,2026-06-11T07:56:30.264822+00:00
measurement_v1.0,m19c_booster_k1_gold_v1,m19c_full_72_measurement_run_20260611,M19C_S2_marble_floor_B1_U020_R1,booster_k1,Booster K1,Booster_K1,marble_floor,m19c_lab,0.2,3.7268343360297974e-05,-0.199963,-0.999814,0.12070312793949015,0.1177388161948125,/odometer_state,booster_sdk_kPrepare_kWalking_Move,ros2_odometer_state,odometer_forward_projection_window_3_8s,3.0,8.0,data/m19c_ros2_odometer_logs/M19C_S2_marble_floor_B1_U020_R1.csv,unavailable,ok,high,extracted_from_ros2_odometer_state,2026-06-11T07:56:30.264822+00:00
measurement_v1.0,m19c_booster_k1_gold_v1,m19c_full_72_measurement_run_20260611,M19C_S2_marble_floor_B1_U030_R1,booster_k1,Booster K1,Booster_K1,marble_floor,m19c_lab,0.3,-1.0409788062685671e-07,-0.3,-1.0,0.7984218441349542,0.7982988873921234,/odometer_state,booster_sdk_kPrepare_kWalking_Move,ros2_odometer_state,odometer_forward_projection_window_3_8s,3.0,8.0,data/m19c_ros2_odometer_logs/M19C_S2_marble_floor_B1_U030_R1.csv,unavailable,ok,high,extracted_from_ros2_odometer_state,2026-06-11T07:56:30.264822+00:00
measurement_v1.0,m19c_booster_k1_gold_v1,m19c_full_72_measurement_run_20260611,M19C_S2_marble_floor_B1_U035_R1,booster_k1,Booster K1,Booster_K1,marble_floor,m19c_lab,0.35,0.4136614731998652,0.063661,0.18189,3.0619601395515716,2.9036500099962064,/odometer_state,booster_sdk_kPrepare_kWalking_Move,ros2_odometer_state,odometer_forward_projection_window_3_8s,3.0,8.0,data/m19c_ros2_odometer_logs/M19C_S2_marble_floor_B1_U035_R1.csv,unavailable,ok,high,extracted_from_ros2_odometer_state,2026-06-11T07:56:30.264822+00:00
measurement_v1.0,m19c_booster_k1_gold_v1,m19c_full_72_measurement_run_20260611,M19C_S2_marble_floor_B1_U040_R1,booster_k1,Booster K1,Booster_K1,marble_floor,m19c_lab,0.4,0.3282488020330976,-0.071751,-0.179378,6.161896093651753,6.157074023552166,/odometer_state,booster_sdk_kPrepare_kWalking_Move,ros2_odometer_state,odometer_forward_projection_window_3_8s,3.0,8.0,data/m19c_ros2_odometer_logs/M19C_S2_marble_floor_B1_U040_R1.csv,unavailable,ok,high,extracted_from_ros2_odometer_state,2026-06-11T07:56:30.264822+00:00
measurement_v1.0,m19c_booster_k1_gold_v1,m19c_full_72_measurement_run_20260611,M19C_S2_marble_floor_B1_U045_R1,booster_k1,Booster K1,Booster_K1,marble_floor,m19c_lab,0.45,0.4863119932618189,0.036312,0.080693,4.283880987760071,4.233228310106862,/odometer_state,booster_sdk_kPrepare_kWalking_Move,ros2_odometer_state,odometer_forward_projection_window_3_8s,3.0,8.0,data/m19c_ros2_odometer_logs/M19C_S2_marble_floor_B1_U045_R1.csv,unavailable,ok,high,extracted_from_ros2_odometer_state,2026-06-11T07:56:30.264822+00:00
measurement_v1.0,m19c_booster_k1_gold_v1,m19c_full_72_measurement_run_20260611,M19C_S2_marble_floor_B1_U050_R1,booster_k1,Booster K1,Booster_K1,marble_floor,m19c_lab,0.5,0.6400188006015921,0.140019,0.280038,1.7434331066891935,1.7181340406536418,/odometer_state,booster_sdk_kPrepare_kWalking_Move,ros2_odometer_state,odometer_forward_projection_window_3_8s,3.0,8.0,data/m19c_ros2_odometer_logs/M19C_S2_marble_floor_B1_U050_R1.csv,unavailable,ok,high,extracted_from_ros2_odometer_state,2026-06-11T07:56:30.264822+00:00
measurement_v1.0,m19c_booster_k1_gold_v1,m19c_full_72_measurement_run_20260611,M19C_S2_marble_floor_B1_U060_R1,booster_k1,Booster K1,Booster_K1,marble_floor,m19c_lab,0.6,0.6547371566584617,0.054737,0.091229,0.17844552805387887,0.43195482980563743,/odometer_state,booster_sdk_kPrepare_kWalking_Move,ros2_odometer_state,odometer_forward_projection_window_3_8s,3.0,8.0,data/m19c_ros2_odometer_logs/M19C_S2_marble_floor_B1_U060_R1.csv,unavailable,ok,high,extracted_from_ros2_odometer_state,2026-06-11T07:56:30.264822+00:00
measurement_v1.0,m19c_booster_k1_gold_v1,m19c_full_72_measurement_run_20260611,M19C_S2_marble_floor_B2_U010_R2,booster_k1,Booster K1,Booster_K1,marble_floor,m19c_lab,0.1,0.0,-0.1,-1.0,0.004057114147320026,0.004057114147320026,/odometer_state,booster_sdk_kPrepare_kWalking_Move,ros2_odometer_state,odometer_forward_projection_window_3_8s,3.0,8.0,data/m19c_ros2_odometer_logs/M19C_S2_marble_floor_B2_U010_R2.csv,unavailable,ok,high,extracted_from_ros2_odometer_state,2026-06-11T07:56:30.264822+00:00
measurement_v1.0,m19c_booster_k1_gold_v1,m19c_full_72_measurement_run_20260611,M19C_S2_marble_floor_B2_U020_R2,booster_k1,Booster K1,Booster_K1,marble_floor,m19c_lab,0.2,0.005228498151524472,-0.194772,-0.973858,1.5819537756816304,1.563102432897772,/odometer_state,booster_sdk_kPrepare_kWalking_Move,ros2_odometer_state,odometer_forward_projection_window_3_8s,3.0,8.0,data/m19c_ros2_odometer_logs/M19C_S2_marble_floor_B2_U020_R2.csv,unavailable,ok,high,extracted_from_ros2_odometer_state,2026-06-11T07:56:30.264822+00:00
measurement_v1.0,m19c_booster_k1_gold_v1,m19c_full_72_measurement_run_20260611,M19C_S2_marble_floor_B2_U030_R2,booster_k1,Booster K1,Booster_K1,marble_floor,m19c_lab,0.3,0.0,-0.3,-1.0,0.5833289041804952,0.5824102236517731,/odometer_state,booster_sdk_kPrepare_kWalking_Move,ros2_odometer_state,odometer_forward_projection_window_3_8s,3.0,8.0,data/m19c_ros2_odometer_logs/M19C_S2_marble_floor_B2_U030_R2.csv,unavailable,ok,high,extracted_from_ros2_odometer_state,2026-06-11T07:56:30.264822+00:00
measurement_v1.0,m19c_booster_k1_gold_v1,m19c_full_72_measurement_run_20260611,M19C_S2_marble_floor_B2_U035_R2,booster_k1,Booster K1,Booster_K1,marble_floor,m19c_lab,0.35,0.3194436640684266,-0.030556,-0.087304,3.9541843420741656,4.032956928875715,/odometer_state,booster_sdk_kPrepare_kWalking_Move,ros2_odometer_state,odometer_forward_projection_window_3_8s,3.0,8.0,data/m19c_ros2_odometer_logs/M19C_S2_marble_floor_B2_U035_R2.csv,unavailable,ok,high,extracted_from_ros2_odometer_state,2026-06-11T07:56:30.264822+00:00
measurement_v1.0,m19c_booster_k1_gold_v1,m19c_full_72_measurement_run_20260611,M19C_S2_marble_floor_B2_U040_R2,booster_k1,Booster K1,Booster_K1,marble_floor,m19c_lab,0.4,0.29164235096857405,-0.108358,-0.270894,5.1190593922555765,5.293970343671299,/odometer_state,booster_sdk_kPrepare_kWalking_Move,ros2_odometer_state,odometer_forward_projection_window_3_8s,3.0,8.0,data/m19c_ros2_odometer_logs/M19C_S2_marble_floor_B2_U040_R2.csv,unavailable,ok,high,extracted_from_ros2_odometer_state,2026-06-11T07:56:30.264822+00:00
measurement_v1.0,m19c_booster_k1_gold_v1,m19c_full_72_measurement_run_20260611,M19C_S2_marble_floor_B2_U045_R2,booster_k1,Booster K1,Booster_K1,marble_floor,m19c_lab,0.45,0.5395915765477565,0.089592,0.199092,2.151400313556543,2.3607319336978767,/odometer_state,booster_sdk_kPrepare_kWalking_Move,ros2_odometer_state,odometer_forward_projection_window_3_8s,3.0,8.0,data/m19c_ros2_odometer_logs/M19C_S2_marble_floor_B2_U045_R2.csv,unavailable,ok,high,extracted_from_ros2_odometer_state,2026-06-11T07:56:30.265817+00:00
measurement_v1.0,m19c_booster_k1_gold_v1,m19c_full_72_measurement_run_20260611,M19C_S2_marble_floor_B2_U050_R2,booster_k1,Booster K1,Booster_K1,marble_floor,m19c_lab,0.5,0.6606271320086358,0.160627,0.321254,0.32302695858433356,0.34383174367489105,/odometer_state,booster_sdk_kPrepare_kWalking_Move,ros2_odometer_state,odometer_forward_projection_window_3_8s,3.0,8.0,data/m19c_ros2_odometer_logs/M19C_S2_marble_floor_B2_U050_R2.csv,unavailable,ok,high,extracted_from_ros2_odometer_state,2026-06-11T07:56:30.265817+00:00
measurement_v1.0,m19c_booster_k1_gold_v1,m19c_full_72_measurement_run_20260611,M19C_S2_marble_floor_B2_U060_R2,booster_k1,Booster K1,Booster_K1,marble_floor,m19c_lab,0.6,0.6466183320251591,0.046618,0.077697,4.106091209902729,4.086105983642328,/odometer_state,booster_sdk_kPrepare_kWalking_Move,ros2_odometer_state,odometer_forward_projection_window_3_8s,3.0,8.0,data/m19c_ros2_odometer_logs/M19C_S2_marble_floor_B2_U060_R2.csv,unavailable,ok,high,extracted_from_ros2_odometer_state,2026-06-11T07:56:30.265817+00:00
measurement_v1.0,m19c_booster_k1_gold_v1,m19c_full_72_measurement_run_20260611,M19C_S2_marble_floor_B3_U010_R3,booster_k1,Booster K1,Booster_K1,marble_floor,m19c_lab,0.1,-1.87149238779168e-07,-0.1,-1.000002,0.013404233025525658,0.014572207490900508,/odometer_state,booster_sdk_kPrepare_kWalking_Move,ros2_odometer_state,odometer_forward_projection_window_3_8s,3.0,8.0,data/m19c_ros2_odometer_logs/M19C_S2_marble_floor_B3_U010_R3.csv,unavailable,ok,high,extracted_from_ros2_odometer_state,2026-06-11T07:56:30.265817+00:00
measurement_v1.0,m19c_booster_k1_gold_v1,m19c_full_72_measurement_run_20260611,M19C_S2_marble_floor_B3_U020_R3,booster_k1,Booster K1,Booster_K1,marble_floor,m19c_lab,0.2,1.843784964356209e-06,-0.199998,-0.999991,0.19619719294149335,0.18852689234653508,/odometer_state,booster_sdk_kPrepare_kWalking_Move,ros2_odometer_state,odometer_forward_projection_window_3_8s,3.0,8.0,data/m19c_ros2_odometer_logs/M19C_S2_marble_floor_B3_U020_R3.csv,unavailable,ok,high,extracted_from_ros2_odometer_state,2026-06-11T07:56:30.265817+00:00
measurement_v1.0,m19c_booster_k1_gold_v1,m19c_full_72_measurement_run_20260611,M19C_S2_marble_floor_B3_U030_R3,booster_k1,Booster K1,Booster_K1,marble_floor,m19c_lab,0.3,3.4039545296159935e-05,-0.299966,-0.999887,0.2221861001624138,0.24496816260396065,/odometer_state,booster_sdk_kPrepare_kWalking_Move,ros2_odometer_state,odometer_forward_projection_window_3_8s,3.0,8.0,data/m19c_ros2_odometer_logs/M19C_S2_marble_floor_B3_U030_R3.csv,unavailable,ok,high,extracted_from_ros2_odometer_state,2026-06-11T07:56:30.265817+00:00
measurement_v1.0,m19c_booster_k1_gold_v1,m19c_full_72_measurement_run_20260611,M19C_S2_marble_floor_B3_U035_R3,booster_k1,Booster K1,Booster_K1,marble_floor,m19c_lab,0.35,0.32897435687432863,-0.021026,-0.060073,5.083853198392857,4.933899830166827,/odometer_state,booster_sdk_kPrepare_kWalking_Move,ros2_odometer_state,odometer_forward_projection_window_3_8s,3.0,8.0,data/m19c_ros2_odometer_logs/M19C_S2_marble_floor_B3_U035_R3.csv,unavailable,ok,high,extracted_from_ros2_odometer_state,2026-06-11T07:56:30.265817+00:00
measurement_v1.0,m19c_booster_k1_gold_v1,m19c_full_72_measurement_run_20260611,M19C_S2_marble_floor_B3_U040_R3,booster_k1,Booster K1,Booster_K1,marble_floor,m19c_lab,0.4,0.47131021082269803,0.07131,0.178276,3.61003500789344,3.843340614577503,/odometer_state,booster_sdk_kPrepare_kWalking_Move,ros2_odometer_state,odometer_forward_projection_window_3_8s,3.0,8.0,data/m19c_ros2_odometer_logs/M19C_S2_marble_floor_B3_U040_R3.csv,unavailable,ok,high,extracted_from_ros2_odometer_state,2026-06-11T07:56:30.265817+00:00
measurement_v1.0,m19c_booster_k1_gold_v1,m19c_full_72_measurement_run_20260611,M19C_S2_marble_floor_B3_U045_R3,booster_k1,Booster K1,Booster_K1,marble_floor,m19c_lab,0.45,0.46874052846989367,0.018741,0.041646,5.84372546804319,5.7738116681910565,/odometer_state,booster_sdk_kPrepare_kWalking_Move,ros2_odometer_state,odometer_forward_projection_window_3_8s,3.0,8.0,data/m19c_ros2_odometer_logs/M19C_S2_marble_floor_B3_U045_R3.csv,unavailable,ok,high,extracted_from_ros2_odometer_state,2026-06-11T07:56:30.265817+00:00
measurement_v1.0,m19c_booster_k1_gold_v1,m19c_full_72_measurement_run_20260611,M19C_S2_marble_floor_B3_U050_R3,booster_k1,Booster K1,Booster_K1,marble_floor,m19c_lab,0.5,0.6022846798050954,0.102285,0.204569,0.3327429476910316,0.41074364575100564,/odometer_state,booster_sdk_kPrepare_kWalking_Move,ros2_odometer_state,odometer_forward_projection_window_3_8s,3.0,8.0,data/m19c_ros2_odometer_logs/M19C_S2_marble_floor_B3_U050_R3.csv,unavailable,ok,high,extracted_from_ros2_odometer_state,2026-06-11T07:56:30.265817+00:00
measurement_v1.0,m19c_booster_k1_gold_v1,m19c_full_72_measurement_run_20260611,M19C_S2_marble_floor_B3_U060_R3,booster_k1,Booster K1,Booster_K1,marble_floor,m19c_lab,0.6,0.6335164959580902,0.033516,0.055861,1.3687084527291067,1.3475280365080493,/odometer_state,booster_sdk_kPrepare_kWalking_Move,ros2_odometer_state,odometer_forward_projection_window_3_8s,3.0,8.0,data/m19c_ros2_odometer_logs/M19C_S2_marble_floor_B3_U060_R3.csv,unavailable,ok,high,extracted_from_ros2_odometer_state,2026-06-11T07:56:30.265817+00:00
measurement_v1.0,m19c_booster_k1_gold_v1,m19c_full_72_measurement_run_20260611,M19C_S3_artificial_turf_B1_U010_R1,booster_k1,Booster K1,Booster_K1,artificial_turf,m19c_lab,0.1,0.0,-0.1,-1.0,0.0015265314535666437,0.00021858339883708554,/odometer_state,booster_sdk_kPrepare_kWalking_Move,ros2_odometer_state,odometer_forward_projection_window_3_8s,3.0,8.0,data/m19c_ros2_odometer_logs/M19C_S3_artificial_turf_B1_U010_R1.csv,unavailable,ok,high,extracted_from_ros2_odometer_state,2026-06-11T07:56:30.265817+00:00
measurement_v1.0,m19c_booster_k1_gold_v1,m19c_full_72_measurement_run_20260611,M19C_S3_artificial_turf_B1_U020_R1,booster_k1,Booster K1,Booster_K1,artificial_turf,m19c_lab,0.2,0.0015580155172346336,-0.198442,-0.99221,0.213996642509257,0.21361757363200715,/odometer_state,booster_sdk_kPrepare_kWalking_Move,ros2_odometer_state,odometer_forward_projection_window_3_8s,3.0,8.0,data/m19c_ros2_odometer_logs/M19C_S3_artificial_turf_B1_U020_R1.csv,unavailable,ok,high,extracted_from_ros2_odometer_state,2026-06-11T07:56:30.265817+00:00
measurement_v1.0,m19c_booster_k1_gold_v1,m19c_full_72_measurement_run_20260611,M19C_S3_artificial_turf_B1_U030_R1,booster_k1,Booster K1,Booster_K1,artificial_turf,m19c_lab,0.3,0.016134360217601198,-0.283866,-0.946219,1.99602029016548,1.9633412985454977,/odometer_state,booster_sdk_kPrepare_kWalking_Move,ros2_odometer_state,odometer_forward_projection_window_3_8s,3.0,8.0,data/m19c_ros2_odometer_logs/M19C_S3_artificial_turf_B1_U030_R1.csv,unavailable,ok,high,extracted_from_ros2_odometer_state,2026-06-11T07:56:30.265817+00:00
measurement_v1.0,m19c_booster_k1_gold_v1,m19c_full_72_measurement_run_20260611,M19C_S3_artificial_turf_B1_U035_R1,booster_k1,Booster K1,Booster_K1,artificial_turf,m19c_lab,0.35,0.3603081199350311,0.010308,0.029452,6.252911814506978,6.284071150166945,/odometer_state,booster_sdk_kPrepare_kWalking_Move,ros2_odometer_state,odometer_forward_projection_window_3_8s,3.0,8.0,data/m19c_ros2_odometer_logs/M19C_S3_artificial_turf_B1_U035_R1.csv,unavailable,ok,high,extracted_from_ros2_odometer_state,2026-06-11T07:56:30.265817+00:00
measurement_v1.0,m19c_booster_k1_gold_v1,m19c_full_72_measurement_run_20260611,M19C_S3_artificial_turf_B1_U040_R1,booster_k1,Booster K1,Booster_K1,artificial_turf,m19c_lab,0.4,0.2833240369029034,-0.116676,-0.29169,7.529229963334564,7.546952636557763,/odometer_state,booster_sdk_kPrepare_kWalking_Move,ros2_odometer_state,odometer_forward_projection_window_3_8s,3.0,8.0,data/m19c_ros2_odometer_logs/M19C_S3_artificial_turf_B1_U040_R1.csv,unavailable,ok,high,extracted_from_ros2_odometer_state,2026-06-11T07:56:30.265817+00:00
measurement_v1.0,m19c_booster_k1_gold_v1,m19c_full_72_measurement_run_20260611,M19C_S3_artificial_turf_B1_U045_R1,booster_k1,Booster K1,Booster_K1,artificial_turf,m19c_lab,0.45,0.4432549948821984,-0.006745,-0.014989,8.555617905869198,8.380109359473172,/odometer_state,booster_sdk_kPrepare_kWalking_Move,ros2_odometer_state,odometer_forward_projection_window_3_8s,3.0,8.0,data/m19c_ros2_odometer_logs/M19C_S3_artificial_turf_B1_U045_R1.csv,unavailable,ok,high,extracted_from_ros2_odometer_state,2026-06-11T07:56:30.265817+00:00
measurement_v1.0,m19c_booster_k1_gold_v1,m19c_full_72_measurement_run_20260611,M19C_S3_artificial_turf_B1_U050_R1,booster_k1,Booster K1,Booster_K1,artificial_turf,m19c_lab,0.5,0.6416593393012868,0.141659,0.283319,6.792384065329658,6.743954635808884,/odometer_state,booster_sdk_kPrepare_kWalking_Move,ros2_odometer_state,odometer_forward_projection_window_3_8s,3.0,8.0,data/m19c_ros2_odometer_logs/M19C_S3_artificial_turf_B1_U050_R1.csv,unavailable,ok,high,extracted_from_ros2_odometer_state,2026-06-11T07:56:30.265817+00:00
measurement_v1.0,m19c_booster_k1_gold_v1,m19c_full_72_measurement_run_20260611,M19C_S3_artificial_turf_B1_U060_R1,booster_k1,Booster K1,Booster_K1,artificial_turf,m19c_lab,0.6,0.6811176517510837,0.081118,0.135196,7.587465909293676,7.7871191836554114,/odometer_state,booster_sdk_kPrepare_kWalking_Move,ros2_odometer_state,odometer_forward_projection_window_3_8s,3.0,8.0,data/m19c_ros2_odometer_logs/M19C_S3_artificial_turf_B1_U060_R1.csv,unavailable,ok,high,extracted_from_ros2_odometer_state,2026-06-11T07:56:30.265817+00:00
measurement_v1.0,m19c_booster_k1_gold_v1,m19c_full_72_measurement_run_20260611,M19C_S3_artificial_turf_B2_U010_R2,booster_k1,Booster K1,Booster_K1,artificial_turf,m19c_lab,0.1,3.6912318937835333e-06,-0.099996,-0.999963,0.008647021748345966,0.00907049485472849,/odometer_state,booster_sdk_kPrepare_kWalking_Move,ros2_odometer_state,odometer_forward_projection_window_3_8s,3.0,8.0,data/m19c_ros2_odometer_logs/M19C_S3_artificial_turf_B2_U010_R2.csv,unavailable,ok,high,extracted_from_ros2_odometer_state,2026-06-11T07:56:30.265817+00:00
measurement_v1.0,m19c_booster_k1_gold_v1,m19c_full_72_measurement_run_20260611,M19C_S3_artificial_turf_B2_U020_R2,booster_k1,Booster K1,Booster_K1,artificial_turf,m19c_lab,0.2,7.744661293553024e-05,-0.199923,-0.999613,0.23808676759710193,0.2219948468504012,/odometer_state,booster_sdk_kPrepare_kWalking_Move,ros2_odometer_state,odometer_forward_projection_window_3_8s,3.0,8.0,data/m19c_ros2_odometer_logs/M19C_S3_artificial_turf_B2_U020_R2.csv,unavailable,ok,high,extracted_from_ros2_odometer_state,2026-06-11T07:56:30.265817+00:00
measurement_v1.0,m19c_booster_k1_gold_v1,m19c_full_72_measurement_run_20260611,M19C_S3_artificial_turf_B2_U030_R2,booster_k1,Booster K1,Booster_K1,artificial_turf,m19c_lab,0.3,0.1523053969762095,-0.147695,-0.492315,1.8249923883189156,2.023112255733559,/odometer_state,booster_sdk_kPrepare_kWalking_Move,ros2_odometer_state,odometer_forward_projection_window_3_8s,3.0,8.0,data/m19c_ros2_odometer_logs/M19C_S3_artificial_turf_B2_U030_R2.csv,unavailable,ok,high,extracted_from_ros2_odometer_state,2026-06-11T07:56:30.265817+00:00
measurement_v1.0,m19c_booster_k1_gold_v1,m19c_full_72_measurement_run_20260611,M19C_S3_artificial_turf_B2_U035_R2,booster_k1,Booster K1,Booster_K1,artificial_turf,m19c_lab,0.35,0.17705662185350537,-0.172943,-0.494124,4.4387623659820195,4.4739651793937725,/odometer_state,booster_sdk_kPrepare_kWalking_Move,ros2_odometer_state,odometer_forward_projection_window_3_8s,3.0,8.0,data/m19c_ros2_odometer_logs/M19C_S3_artificial_turf_B2_U035_R2.csv,unavailable,ok,high,extracted_from_ros2_odometer_state,2026-06-11T07:56:30.265817+00:00
measurement_v1.0,m19c_booster_k1_gold_v1,m19c_full_72_measurement_run_20260611,M19C_S3_artificial_turf_B2_U040_R2,booster_k1,Booster K1,Booster_K1,artificial_turf,m19c_lab,0.4,0.4859831562266937,0.085983,0.214958,11.599566830651934,11.498743046372324,/odometer_state,booster_sdk_kPrepare_kWalking_Move,ros2_odometer_state,odometer_forward_projection_window_3_8s,3.0,8.0,data/m19c_ros2_odometer_logs/M19C_S3_artificial_turf_B2_U040_R2.csv,unavailable,ok,high,extracted_from_ros2_odometer_state,2026-06-11T07:56:30.265817+00:00
measurement_v1.0,m19c_booster_k1_gold_v1,m19c_full_72_measurement_run_20260611,M19C_S3_artificial_turf_B2_U045_R2,booster_k1,Booster K1,Booster_K1,artificial_turf,m19c_lab,0.45,0.5511080336706677,0.101108,0.224685,4.881372262720592,5.006829221486296,/odometer_state,booster_sdk_kPrepare_kWalking_Move,ros2_odometer_state,odometer_forward_projection_window_3_8s,3.0,8.0,data/m19c_ros2_odometer_logs/M19C_S3_artificial_turf_B2_U045_R2.csv,unavailable,ok,high,extracted_from_ros2_odometer_state,2026-06-11T07:56:30.265817+00:00
measurement_v1.0,m19c_booster_k1_gold_v1,m19c_full_72_measurement_run_20260611,M19C_S3_artificial_turf_B2_U050_R2,booster_k1,Booster K1,Booster_K1,artificial_turf,m19c_lab,0.5,0.6004728668112658,0.100473,0.200946,7.666245314292967,7.934152644365922,/odometer_state,booster_sdk_kPrepare_kWalking_Move,ros2_odometer_state,odometer_forward_projection_window_3_8s,3.0,8.0,data/m19c_ros2_odometer_logs/M19C_S3_artificial_turf_B2_U050_R2.csv,unavailable,ok,high,extracted_from_ros2_odometer_state,2026-06-11T07:56:30.265817+00:00
measurement_v1.0,m19c_booster_k1_gold_v1,m19c_full_72_measurement_run_20260611,M19C_S3_artificial_turf_B2_U060_R2,booster_k1,Booster K1,Booster_K1,artificial_turf,m19c_lab,0.6,0.5889862505562894,-0.011014,-0.018356,6.006307857397937,6.470101550808533,/odometer_state,booster_sdk_kPrepare_kWalking_Move,ros2_odometer_state,odometer_forward_projection_window_3_8s,3.0,8.0,data/m19c_ros2_odometer_logs/M19C_S3_artificial_turf_B2_U060_R2.csv,unavailable,ok,high,extracted_from_ros2_odometer_state,2026-06-11T07:56:30.265817+00:00
measurement_v1.0,m19c_booster_k1_gold_v1,m19c_full_72_measurement_run_20260611,M19C_S3_artificial_turf_B3_U010_R3,booster_k1,Booster K1,Booster_K1,artificial_turf,m19c_lab,0.1,-6.436697449237721e-07,-0.100001,-1.000006,0.004562577514176009,0.0038385307484829403,/odometer_state,booster_sdk_kPrepare_kWalking_Move,ros2_odometer_state,odometer_forward_projection_window_3_8s,3.0,8.0,data/m19c_ros2_odometer_logs/M19C_S3_artificial_turf_B3_U010_R3.csv,unavailable,ok,high,extracted_from_ros2_odometer_state,2026-06-11T07:56:30.265817+00:00
measurement_v1.0,m19c_booster_k1_gold_v1,m19c_full_72_measurement_run_20260611,M19C_S3_artificial_turf_B3_U020_R3,booster_k1,Booster K1,Booster_K1,artificial_turf,m19c_lab,0.2,-0.0001358627628719713,-0.200136,-1.000679,0.16008595494561026,0.1592867934129435,/odometer_state,booster_sdk_kPrepare_kWalking_Move,ros2_odometer_state,odometer_forward_projection_window_3_8s,3.0,8.0,data/m19c_ros2_odometer_logs/M19C_S3_artificial_turf_B3_U020_R3.csv,unavailable,ok,high,extracted_from_ros2_odometer_state,2026-06-11T07:56:30.265817+00:00
measurement_v1.0,m19c_booster_k1_gold_v1,m19c_full_72_measurement_run_20260611,M19C_S3_artificial_turf_B3_U030_R3,booster_k1,Booster K1,Booster_K1,artificial_turf,m19c_lab,0.3,0.3539365188555659,0.053937,0.179788,3.9468521438740995,3.951551257230855,/odometer_state,booster_sdk_kPrepare_kWalking_Move,ros2_odometer_state,odometer_forward_projection_window_3_8s,3.0,8.0,data/m19c_ros2_odometer_logs/M19C_S3_artificial_turf_B3_U030_R3.csv,unavailable,ok,high,extracted_from_ros2_odometer_state,2026-06-11T07:56:30.265817+00:00
measurement_v1.0,m19c_booster_k1_gold_v1,m19c_full_72_measurement_run_20260611,M19C_S3_artificial_turf_B3_U035_R3,booster_k1,Booster K1,Booster_K1,artificial_turf,m19c_lab,0.35,0.30095065933051,-0.049049,-0.140141,8.494057429599625,8.483040310635964,/odometer_state,booster_sdk_kPrepare_kWalking_Move,ros2_odometer_state,odometer_forward_projection_window_3_8s,3.0,8.0,data/m19c_ros2_odometer_logs/M19C_S3_artificial_turf_B3_U035_R3.csv,unavailable,ok,high,extracted_from_ros2_odometer_state,2026-06-11T07:56:30.265817+00:00
measurement_v1.0,m19c_booster_k1_gold_v1,m19c_full_72_measurement_run_20260611,M19C_S3_artificial_turf_B3_U040_R3,booster_k1,Booster K1,Booster_K1,artificial_turf,m19c_lab,0.4,0.5111761925629555,0.111176,0.27794,6.234169792070468,6.053545420113287,/odometer_state,booster_sdk_kPrepare_kWalking_Move,ros2_odometer_state,odometer_forward_projection_window_3_8s,3.0,8.0,data/m19c_ros2_odometer_logs/M19C_S3_artificial_turf_B3_U040_R3.csv,unavailable,ok,high,extracted_from_ros2_odometer_state,2026-06-11T07:56:30.265817+00:00
measurement_v1.0,m19c_booster_k1_gold_v1,m19c_full_72_measurement_run_20260611,M19C_S3_artificial_turf_B3_U045_R3,booster_k1,Booster K1,Booster_K1,artificial_turf,m19c_lab,0.45,0.3890987948907625,-0.060901,-0.135336,5.76986209822185,5.8127812780353105,/odometer_state,booster_sdk_kPrepare_kWalking_Move,ros2_odometer_state,odometer_forward_projection_window_3_8s,3.0,8.0,data/m19c_ros2_odometer_logs/M19C_S3_artificial_turf_B3_U045_R3.csv,unavailable,ok,high,extracted_from_ros2_odometer_state,2026-06-11T07:56:30.265817+00:00
measurement_v1.0,m19c_booster_k1_gold_v1,m19c_full_72_measurement_run_20260611,M19C_S3_artificial_turf_B3_U050_R3,booster_k1,Booster K1,Booster_K1,artificial_turf,m19c_lab,0.5,0.6205353122950691,0.120535,0.241071,10.345851465771851,10.335066623898319,/odometer_state,booster_sdk_kPrepare_kWalking_Move,ros2_odometer_state,odometer_forward_projection_window_3_8s,3.0,8.0,data/m19c_ros2_odometer_logs/M19C_S3_artificial_turf_B3_U050_R3.csv,unavailable,ok,high,extracted_from_ros2_odometer_state,2026-06-11T07:56:30.265817+00:00
measurement_v1.0,m19c_booster_k1_gold_v1,m19c_full_72_measurement_run_20260611,M19C_S3_artificial_turf_B3_U060_R3,booster_k1,Booster K1,Booster_K1,artificial_turf,m19c_lab,0.6,0.696858171381306,0.096858,0.16143,3.144004429954876,3.1187190003148317,/odometer_state,booster_sdk_kPrepare_kWalking_Move,ros2_odometer_state,odometer_forward_projection_window_3_8s,3.0,8.0,data/m19c_ros2_odometer_logs/M19C_S3_artificial_turf_B3_U060_R3.csv,unavailable,ok,high,extracted_from_ros2_odometer_state,2026-06-11T07:56:30.265817+00:00
